Agent,Agent No.,Line,Cost,Trip Num.,Trip Seq.,Time Seq.,Link Seq.
Unit,5,8,5140.000000,6,44;45;46;47;48;49,50;57;66;74;82;91,15;9;7;6;8;14
Unit,6,9,6820.000000,6,50;51;52;53;54;55,9;21;32;41;50;61,0;11;12;13;10;1
Unit,1,1,4930.000000,4,6;7;8;9,4;20;27;34,2;14;15;3
Unit,0,0,6820.000000,6,0;1;2;3;4;5,4;16;27;36;45;56,0;11;12;13;10;1
Unit,2,3,6610.000000,6,16;17;18;19;20;21,4;18;27;35;43;52,4;9;7;6;8;5
Unit,3,4,6610.000000,6,22;23;24;25;26;27,4;12;21;35;49;58,6;8;5;4;9;7
Unit,4,5,6820.000000,6,28;29;30;31;32;33,1;10;21;33;45;56,13;10;1;0;11;12
Crew,0,,404.000000,7,-1;8;33;46;47;48;49,23;27;56;66;74;82;91
Crew,0,,404.000000,5,-1;22;23;51;52,23;4;12;21;32
Crew,0,,404.000000,4,-1;28;29;30,23;1;10;21
Crew,0,,404.000000,4,-1;31;4;45,23;33;45;57
Crew,0,,404.000000,4,-1;53;54;55,23;41;50;61
Crew,0,,404.000000,4,-1;0;1;2,23;4;16;27
Crew,0,,404.000000,4,-1;25;26;27,23;35;49;58
Crew,0,,404.000000,4,-1;3;32;5,23;36;45;56
Crew,0,,404.000000,3,-1;16;17,23;4;18
Crew,0,,404.000000,3,-1;20;21,23;43;52
Crew,0,,404.000000,3,-1;50;24,23;9;21
Crew,0,,404.000000,5,-1;6;7;18;19,23;4;20;27;35
Crew,0,,404.000000,3,-1;9;44,23;34;50
