Agent,Agent No.,Line,Cost,Trip Num.,Trip Seq.,Time Seq.,Link Seq.
Unit,7,10,4930.000000,4,56;57;58;59,4;20;27;34,2;14;15;3
Unit,1,1,4930.000000,4,6;7;8;9,1;17;24;31,2;14;15;3
Unit,11,17,5140.000000,6,94;95;96;97;98;99,50;57;66;74;82;91,15;9;7;6;8;14
Unit,2,3,6610.000000,6,16;17;18;19;20;21,5;19;28;36;44;53,4;9;7;6;8;5
Unit,8,12,6610.000000,6,66;67;68;69;70;71,8;22;31;39;47;56,4;9;7;6;8;5
Unit,9,13,6610.000000,6,72;73;74;75;76;77,6;14;23;37;51;60,6;8;5;4;9;7
Unit,0,0,6820.000000,6,0;1;2;3;4;5,5;17;28;37;46;57,0;11;12;13;10;1
Unit,3,4,6610.000000,6,22;23;24;25;26;27,3;11;20;34;48;57,6;8;5;4;9;7
Unit,4,5,6820.000000,6,28;29;30;31;32;33,3;12;23;35;47;58,13;10;1;0;11;12
Unit,5,8,5140.000000,6,44;45;46;47;48;49,47;54;63;71;79;88,15;9;7;6;8;14
Unit,6,9,6820.000000,6,50;51;52;53;54;55,9;21;32;41;50;61,0;11;12;13;10;1
Unit,10,14,6820.000000,6,78;79;80;81;82;83,8;17;28;40;52;63,13;10;1;0;11;12
Crew,0,,404.000000,6,-1;30;31;44;45;83,23;23;35;47;54;63
Crew,0,,404.000000,5,-1;2;3;4;33,23;28;37;46;58
Crew,0,,404.000000,5,-1;68;69;70;27,23;31;39;47;57
Crew,0,,404.000000,6,-1;95;96;97;98;99,23;57;66;74;82;91
Crew,0,,404.000000,5,-1;71;47;48;49,23;56;71;79;88
Crew,0,,404.000000,4,-1;6;1;80,23;1;17;28
Crew,0,,404.000000,4,-1;53;54;55,23;41;50;61
Crew,0,,404.000000,4,-1;0;79;18,23;5;17;28
Crew,0,,404.000000,4,-1;72;73;8,23;6;14;24
Crew,0,,404.000000,4,-1;19;20;21,23;36;44;53
Crew,0,,404.000000,4,-1;56;57;58,23;4;20;27
Crew,0,,404.000000,4,-1;28;29;74,23;3;12;23
Crew,0,,404.000000,3,-1;66;67,23;8;22
Crew,0,,404.000000,4,-1;22;23;24,23;3;11;20
Crew,0,,404.000000,4,-1;50;51;52,23;9;21;32
Crew,0,,404.000000,3,-1;16;17,23;5;19
Crew,0,,404.000000,3,-1;78;7,23;8;17
Crew,0,,404.000000,3,-1;25;26,23;34;48
Crew,0,,404.000000,4,-1;59;94;5,23;34;50;57
Crew,0,,404.000000,4,-1;75;76;77,23;37;51;60
Crew,0,,404.000000,3,-1;9;32,23;31;47
Crew,0,,404.000000,4,-1;81;82;46,23;40;52;63
