Agent,Agent No.,Line,Cost,Trip Num.,Trip Seq.,Time Seq.,Link Seq.
Unit,0,0,6820.000000,6,0;1;2;3;4;5,3;15;26;35;44;55,0;11;12;13;10;1
Unit,1,1,4930.000000,4,6;7;8;9,2;18;25;32,2;14;15;3
Unit,2,3,6610.000000,6,16;17;18;19;20;21,3;17;26;34;42;51,4;9;7;6;8;5
Crew,0,,404.000000,5,-1;0;1;2;3,0;3;15;26;35
Crew,0,,404.000000,5,-1;16;17;18;19,0;3;17;26;34
Crew,0,,404.000000,4,-1;6;7;8,0;2;18;25
Crew,0,,404.000000,3,-1;4;5,0;44;55
Crew,0,,404.000000,3,-1;20;21,0;42;51
Crew,0,,404.000000,2,-1;9,0;32
