Agent,Agent No.,Line,Cost,Trip Num.,Trip Seq.,Time Seq.,Link Seq.
Unit,0,0,6870.000000,6,0;1;2;3;4;5,3;15;26;35;45;56,0;11;12;13;10;1
Unit,1,1,4930.000000,4,6;7;8;9,0;16;23;30,2;14;15;3
Unit,3,4,6660.000000,6,22;23;24;25;26;27,0;8;17;31;46;55,6;8;5;4;9;7
Unit,2,3,6610.000000,6,16;17;18;19;20;21,0;14;23;31;39;48,4;9;7;6;8;5
Crew,0,,404.000000,5,-1;22;23;24;19,0;0;8;17;31
Crew,0,,404.000000,5,-1;8;25;4;5,0;23;31;45;56
Crew,0,,404.000000,4,-1;9;26;27,0;30;46;55
Crew,0,,404.000000,3,-1;20;21,0;39;48
Crew,0,,404.000000,4,-1;16;17;18,0;0;14;23
Crew,0,,404.000000,5,-1;0;1;2;3,0;3;15;26;35
Crew,0,,404.000000,3,-1;6;7,0;0;16
