Agent,Agent No.,Line,Cost,Trip Num.,Trip Seq.,Time Seq.,Link Seq.
Unit,1,1,7300.000000,23,16;17;18;19;20;21;22;23;24;25;26;27;28;29;30;31;32;33;34;35;36;37;38,1;48;50;51;52;53;55;57;59;60;61;96;97;132;133;134;136;138;140;141;142;143;145,29;27;25;23;21;19;29;27;25;23;21;23;21;23;21;19;29;27;25;23;21;19;29
Unit,2,2,6660.000000,16,39;40;41;42;43;44;45;46;47;48;49;50;51;52;53;54,0;49;51;52;55;58;59;61;95;96;132;137;139;140;143;146,0;2;4;6;7;5;3;1;4;6;0;2;4;6;7;5
Unit,0,0,6850.000000,16,0;1;2;3;4;5;6;7;8;9;10;11;12;13;14;15,0;48;51;54;55;57;58;61;97;134;135;137;138;141;144;145,8;16;17;15;13;11;9;8;11;15;13;11;9;8;10;12
Crew,0,,908.000000,9,-1;0;17;18;41;20;21;46;47,48;0;48;50;51;52;53;61;95
Crew,0,,908.000000,6,-1;39;22;23;45;26,48;0;55;57;59;61
Crew,1,,908.000000,6,-1;48;29;52;37;38,96;96;132;140;143;145
Crew,1,,908.000000,8,-1;27;8;9;10;50;51;54,96;96;97;134;135;137;139;146
Crew,0,,808.000000,8,-1;16;1;19;42;4;5;6,48;1;48;51;52;55;57;58
Crew,0,,808.000000,9,-1;40;2;3;43;44;24;25;7,48;49;51;54;55;58;59;60;61
Crew,1,,808.000000,8,-1;30;31;32;12;13;14;15,96;133;134;136;138;141;144;145
Crew,1,,808.000000,9,-1;28;49;11;33;34;35;36;53,96;97;132;137;138;140;141;142;143
