Agent,Agent No.,Line,Cost,Trip Num.,Trip Seq.,Time Seq.,Link Seq.
Unit,0,0,6800.000000,16,0;1;2;3;4;5;6;7;8;9;10;11;12;13;14;15,1;48;51;54;55;57;58;61;97;134;135;137;138;141;144;145,0;8;9;7;5;3;1;0;3;7;5;3;1;0;2;4
Unit,1,1,7300.000000,23,16;17;18;19;20;21;22;23;24;25;26;27;28;29;30;31;32;33;34;35;36;37;38,0;47;49;50;51;52;54;56;58;59;60;95;96;131;132;133;135;137;139;140;141;142;144,21;19;17;15;13;11;21;19;17;15;13;15;13;15;13;11;21;19;17;15;13;11;21
Crew,0,,808.000000,7,-1;0;1;2;22;23;6,0;1;48;51;54;56;58
Crew,0,,808.000000,9,-1;20;21;3;4;5;24;25;7,0;51;52;54;55;57;58;59;61
Crew,0,,908.000000,7,-1;16;17;18;19;26;27,0;0;47;49;50;60;95
Crew,1,,808.000000,8,-1;8;9;32;33;34;35;13,96;97;134;135;137;139;140;141
Crew,1,,808.000000,8,-1;30;31;10;11;12;13;38,96;132;133;135;137;138;141;144
Crew,1,,908.000000,7,-1;28;29;36;37;14;15,96;96;131;141;142;144;145
