Agent,Agent No.,Line,Cost,Trip Num.,Trip Seq.,Time Seq.,Link Seq.
Unit,2,3,2060.000000,4,10;11;12;13,0;10;28;46,5;1;0;4
Unit,1,2,2060.000000,4,6;7;8;9,3;13;31;49,3;1;0;2
Unit,0,0,1360.000000,2,0;1,23;41,0;1
Crew,0,,404.000000,3,-1;6;7,0;3;13
Crew,0,,404.000000,3,-1;10;11,0;0;10
Crew,0,,404.000000,3,-1;8;9,0;31;49
Crew,0,,404.000000,3,-1;12;13,0;28;46
Crew,0,,404.000000,3,-1;0;1,0;23;41
