Agent,Agent No.,Line,Cost,Trip Num.,Trip Seq.,Time Seq.,Link Seq.
Unit,0,0,2060.000000,4,0;1;2;3,3;13;31;49,3;1;0;2
Unit,1,1,2060.000000,4,4;5;6;7,0;10;28;46,5;1;0;4
Crew,0,,404.000000,4,-1;0;2;3,0;3;31;49
Crew,0,,404.000000,3,-1;4;5,0;0;10
Crew,0,,404.000000,3,-1;6;7,0;28;46
Crew,0,,404.000000,2,-1;1,0;13
