Agent,Agent No.,Line,Cost,Trip Num.,Trip Seq.,Time Seq.,Link Seq.
Unit,4,7,2060.000000,4,22;23;24;25,3;13;31;49,5;1;0;4
Unit,3,6,2060.000000,4,18;19;20;21,0;10;28;46,3;1;0;2
Unit,0,0,1360.000000,2,0;1,21;39,0;1
Unit,1,2,1360.000000,2,6;7,1;19,0;1
Unit,2,4,1360.000000,2,12;13,4;22,0;1
Crew,0,,404.000000,4,-1;6;24;25,0;1;31;49
Crew,0,,404.000000,3,-1;12;13,0;4;22
Crew,0,,404.000000,3,-1;22;23,0;3;13
Crew,0,,404.000000,3,-1;18;19,0;0;10
Crew,0,,404.000000,3,-1;20;21,0;28;46
Crew,0,,404.000000,3,-1;0;1,0;21;39
Crew,0,,404.000000,2,-1;7,0;19
