Agent,Agent No.,Line,Cost,Trip Num.,Trip Seq.,Time Seq.,Link Seq.
Unit,4,8,2060.000000,4,24;25;26;27,0;10;28;46,3;1;0;2
Unit,5,9,2060.000000,4,28;29;30;31,3;13;31;49,5;1;0;4
Unit,1,2,1360.000000,2,6;7,2;20,0;1
Unit,3,6,1360.000000,2,18;19,20;38,0;1
Unit,2,4,1360.000000,2,12;13,23;41,0;1
Unit,0,0,1360.000000,2,0;1,8;26,0;1
Crew,0,,404.000000,4,-1;0;30;31,0;8;31;49
Crew,0,,404.000000,4,-1;24;7;19,0;0;20;38
Crew,0,,404.000000,3,-1;6;18,0;2;20
Crew,0,,404.000000,3,-1;12;13,0;23;41
Crew,0,,404.000000,2,-1;29,0;13
Crew,0,,404.000000,2,-1;25,0;10
Crew,0,,404.000000,3,-1;26;27,0;28;46
Crew,0,,404.000000,3,-1;28;1,0;3;26
