Agent,Agent No.,Line,Cost,Trip Num.,Trip Seq.,Time Seq.,Link Seq.
Unit,5,10,2060.000000,4,30;31;32;33,0;10;28;46,3;1;0;2
Unit,6,11,2060.000000,4,34;35;36;37,3;13;31;49,5;1;0;4
Unit,4,8,1360.000000,2,24;25,20;38,0;1
Unit,2,4,1360.000000,2,12;13,3;21,0;1
Unit,1,2,1360.000000,2,6;7,0;18,0;1
Unit,3,6,1360.000000,2,18;19,23;41,0;1
Unit,0,0,1360.000000,2,0;1,7;25,0;1
Crew,0,,404.000000,4,-1;0;36;37,0;7;31;49
Crew,0,,404.000000,3,-1;32;33,0;28;46
Crew,0,,404.000000,3,-1;6;7,0;0;18
Crew,0,,404.000000,3,-1;34;35,0;3;13
Crew,0,,404.000000,3,-1;12;13,0;3;21
Crew,0,,404.000000,3,-1;18;19,0;23;41
Crew,0,,404.000000,3,-1;24;25,0;20;38
Crew,0,,404.000000,3,-1;30;1,0;0;25
Crew,0,,404.000000,2,-1;31,0;10
