Agent,Agent No.,Line,Cost,Trip Num.,Trip Seq.,Time Seq.,Link Seq.
Unit,3,5,2060.000000,4,16;17;18;19,3;13;31;49,5;1;0;4
Unit,2,4,2060.000000,4,12;13;14;15,0;10;28;46,3;1;0;2
Unit,0,0,1360.000000,2,0;1,21;39,0;1
Unit,1,2,1360.000000,2,6;7,8;26,0;1
Crew,0,,404.000000,4,-1;6;18;19,0;8;31;49
Crew,0,,404.000000,3,-1;12;13,0;0;10
Crew,0,,404.000000,3,-1;0;1,0;21;39
Crew,0,,404.000000,2,-1;17,0;13
Crew,0,,404.000000,3,-1;14;15,0;28;46
Crew,0,,404.000000,3,-1;16;7,0;3;26
