Agent,Agent No.,Line,Cost,Trip Num.,Trip Seq.,Time Seq.,Link Seq.
Unit,0,0,6800.000000,16,0;1;2;3;4;5;6;7;8;9;10;11;12;13;14;15,1;48;51;54;55;57;58;61;97;134;135;137;138;141;144;145,0;8;9;7;5;3;1;0;3;7;5;3;1;0;2;4
Unit,1,1,7300.000000,23,16;17;18;19;20;21;22;23;24;25;26;27;28;29;30;31;32;33;34;35;36;37;38,1;48;50;51;52;53;55;57;59;60;61;96;97;132;133;134;136;138;140;141;142;143;145,21;19;17;15;13;11;21;19;17;15;13;15;13;15;13;11;21;19;17;15;13;11;21
Crew,0,,404.000000,9,-1;17;18;2;3;22;5;24;7,0;48;50;51;54;55;57;59;61
Crew,0,,504.000000,5,-1;16;23;25;26,0;1;57;60;61
Crew,0,,404.000000,8,-1;0;1;19;20;21;4;6,0;1;48;51;52;53;55;58
Crew,1,,404.000000,7,-1;31;32;12;13;14;38,96;134;136;138;141;144;145
Crew,1,,404.000000,13,-1;27;28;29;30;9;10;11;33;34;35;36;37,96;96;97;132;133;134;135;137;138;140;141;142;143
Crew,1,,504.000000,5,-1;8;34;13;15,96;97;140;141;145
