Agent,Agent No.,Line,Cost,Trip Num.,Trip Seq.,Time Seq.,Link Seq.
Unit,2,2,6660.000000,16,39;40;41;42;43;44;45;46;47;48;49;50;51;52;53;54,1;50;52;53;56;59;60;62;96;97;133;138;140;141;144;147,0;2;4;6;7;5;3;1;4;6;0;2;4;6;7;5
Unit,1,1,7300.000000,23,16;17;18;19;20;21;22;23;24;25;26;27;28;29;30;31;32;33;34;35;36;37;38,0;47;49;50;51;52;54;56;58;59;60;95;96;131;132;133;135;137;139;140;141;142;144,29;27;25;23;21;19;29;27;25;23;21;23;21;23;21;19;29;27;25;23;21;19;29
Unit,0,0,6850.000000,16,0;1;2;3;4;5;6;7;8;9;10;11;12;13;14;15,0;48;51;54;55;57;58;61;97;134;135;137;138;141;144;145,8;16;17;15;13;11;9;8;11;15;13;11;9;8;10;12
Crew,0,,404.000000,7,-1;39;19;20;21;26;27,0;1;50;51;52;60;95
Crew,1,,404.000000,7,-1;8;9;10;11;14;15,96;97;134;135;137;144;145
Crew,1,,404.000000,6,-1;48;49;12;36;37,96;97;133;138;141;142
Crew,1,,404.000000,7,-1;28;29;50;51;13;38,96;96;131;138;140;141;144
Crew,1,,404.000000,11,-1;47;30;31;32;33;34;35;52;53;54,96;96;132;133;135;137;139;140;141;144;147
Crew,0,,404.000000,7,-1;1;2;22;23;6;7,0;48;51;54;56;58;61
Crew,0,,404.000000,9,-1;0;3;4;5;24;44;45;46,0;0;54;55;57;58;59;60;62
Crew,0,,404.000000,9,-1;16;17;18;40;41;42;43;25,0;0;47;49;50;52;53;56;59
