Agent,Agent No.,Line,Cost,Trip Num.,Trip Seq.,Time Seq.,Link Seq.
Unit,1,1,7300.000000,23,16;17;18;19;20;21;22;23;24;25;26;27;28;29;30;31;32;33;34;35;36;37;38,1;48;50;51;52;53;55;57;59;60;61;96;97;132;133;134;136;138;140;141;142;143;145,29;27;25;23;21;19;29;27;25;23;21;23;21;23;21;19;29;27;25;23;21;19;29
Unit,0,0,6850.000000,16,0;1;2;3;4;5;6;7;8;9;10;11;12;13;14;15,0;47;50;54;55;57;58;61;97;134;135;137;138;141;144;145,8;16;17;15;13;11;9;8;11;15;13;11;9;8;10;12
Unit,2,2,6710.000000,16,39;40;41;42;43;44;45;46;47;48;49;50;51;52;53;54,0;49;51;52;55;58;59;61;95;96;132;137;140;141;144;147,0;2;4;6;7;5;3;1;4;6;0;2;4;6;7;5
Crew,1,,504.000000,5,-1;28;49;50;15,96;97;132;137;145
Crew,0,,504.000000,7,-1;16;17;2;21;46;47,48;1;48;50;53;61;95
Crew,0,,404.000000,10,-1;0;1;18;19;42;4;5;44;45,48;0;47;50;51;52;55;57;58;59
Crew,0,,504.000000,7,-1;39;22;23;24;25;26,48;0;55;57;59;60;61
Crew,0,,404.000000,8,-1;40;41;20;3;43;6;7,48;49;51;52;54;55;58;61
Crew,1,,504.000000,7,-1;27;8;34;52;14;38,96;96;97;140;141;144;145
Crew,1,,404.000000,11,-1;29;30;9;10;11;33;51;13;53;54,96;132;133;134;135;137;138;140;141;144;147
Crew,1,,404.000000,9,-1;48;30;31;32;12;35;36;37,96;96;133;134;136;138;141;142;143
