Agent,Agent No.,Line,Cost,Trip Num.,Trip Seq.,Time Seq.,Link Seq.
Unit,0,0,6800.000000,16,0;1;2;3;4;5;6;7;8;9;10;11;12;13;14;15,1;48;51;54;55;57;58;61;97;134;135;137;138;141;144;145,8;16;17;15;13;11;9;8;11;15;13;11;9;8;10;12
Unit,1,1,7300.000000,23,16;17;18;19;20;21;22;23;24;25;26;27;28;29;30;31;32;33;34;35;36;37;38,0;47;49;50;51;52;54;56;58;59;60;95;96;131;132;133;135;137;139;140;141;142;144,29;27;25;23;21;19;29;27;25;23;21;23;21;23;21;19;29;27;25;23;21;19;29
Unit,2,2,6660.000000,16,39;40;41;42;43;44;45;46;47;48;49;50;51;52;53;54,1;50;52;53;56;59;60;62;96;97;133;138;140;141;144;147,0;2;4;6;7;5;3;1;4;6;0;2;4;6;7;5
Crew,1,,808.000000,5,-1;48;49;53;54,96;97;133;144;147
Crew,1,,808.000000,9,-1;28;29;50;35;36;37;14;15,96;96;131;138;140;141;142;144;145
Crew,1,,808.000000,9,-1;47;30;31;32;11;12;13;38,96;96;132;133;135;137;138;141;144
Crew,0,,808.000000,6,-1;39;40;21;26;27,48;1;50;52;60;95
Crew,1,,808.000000,9,-1;47;8;9;10;33;34;51;52,96;96;97;134;135;137;139;140;141
Crew,0,,808.000000,9,-1;16;17;18;19;2;22;43;25,48;0;47;49;50;51;54;56;59
Crew,0,,808.000000,8,-1;0;3;23;24;44;45;46,48;1;54;56;58;59;60;62
Crew,0,,808.000000,7,-1;0;3;4;24;26;27,48;1;54;55;58;60;95
Crew,0,,808.000000,8,-1;1;20;41;42;5;6;7,48;48;51;52;53;57;58;61
